[
  {
    "id": "f488db46-9380-45e2-b15e-4ace7bdb7c89",
    "name": "Drone Delivery",
    "description": "Pick this if you are in a remote location.",
    "price": 59.99
  },
  {
    "id": "c7f6535c-c56b-4e57-94dc-0e95b936b00b",
    "name": "1-day Express Shipping",
    "description": "Fastest option for next day delivery. Includes Saturday Delivery",
    "price": 29.99
  },
  {
    "id": "caa93bc4-d69a-4788-aff6-4a6fb538ace8",
    "name": "2-day Express Shipping",
    "description": "2 day express delivery. No Saturday Delivery.",
    "price": 14.99
  },
  {
    "id": "csdfssaa-c56b-4e57-94dc-0e95b936b00b",
    "name": "At the old abandoned farm house",
    "description": "May or may not be there.",
    "price": 9.99
  },
  {
    "id": "c272fc43-28e4-4ffd-ae61-0cfdec565f6f",
    "name": "Standard Shipping - FREE",
    "description": "Standard shipping, between 3-5 business days",
    "price": 0
  }
]
