[
  {
    "id": "wwardj3n6t",
    "price": 54.50,
    "name": "Camo Tactical Vest",
    "description": "Decked out in camo, extra shotgun shells, pockets for throwing implements, and extra straps and pockets. All in a tough nylon mesh material with air ventilation.",
    "detail": [
      {
        "info": "Perfect for holding your small weapons"
      },
      {
        "info": "Keep cool while being chased"
      },
      {
        "info": "One size fits all"
      }    ]
  },
  {
    "id": "u9dpl2haxm",
    "price": 242.99,
    "name": "ThrowFlame Flamethrower",
    "description": "400,000 BTU ThrowFlame Zombie Backpack Propane Vapor Torch Kit with Squeeze Valve",
    "detail": [
      {
        "info": "Includes 25-pound propane tank"
      },
      {
        "info": "Flame zombies, clear brush and weeds"
      },
      {
        "info": "Thaw frozen pipes, melt snow and ice"
      },
      {
        "info": "Remove paint, grease, oil, plastic from metal"
      }
    ]
  },
  {
    "id": "nvbr3kgn5n",
    "price": 17.55,
    "name": "Super Quiet Pistol Crossbow",
    "description": "For silent hunting and disciplined take-down of slower zombies. Do it in style with this beautiful wood stock crossbow.",
    "detail": [
      {
        "info": "50-lb draw weight"
      },
      {
        "info": "Max speed of 220 FPS"
      },
      {
        "info": "Fiberglass bow, Wood Stock"
      },
      {
        "info": "Great for smaller zombies"
      }
    ]
  },
  {
    "id": "bmqgalgowu",
    "price": 18.99,
    "name": "Slayer Double Headed Axe",
    "description": "Double headed for maximum flexibility. It even looks cool with a skeletal base.",
    "detail": [
      {
        "info": "Overall Length: 13.5 inches"
      },
      {
        "info": "Blade Length: 5.5 inches"
      },
      {
        "info": "Black Anodize 440 Stainless Steel"
      },
      {
        "info": "Handle wrapped in green nylon cord"
      }
    ]
  },
  {
    "id": "0p094z4kwr",
    "price": 7.50,
    "name": "Zombie Juicery Energy Drink",
    "description": "All-natural energy drink to heal up quick as you fight those daywalkers.",
    "detail": [
      {
        "info": "Coconut to help metabolize fat and protein"
      },
      {
        "info": "Blueberry and cacao are natural antioxidants"
      },
      {
        "info": "Cinnamon for energy"
      },
      {
        "info": "Chia is great for endurance"
      }
    ]
  },
  {
    "id": "495h1kif38",
    "price": 19.25,
    "name": "Black Undead Water Bottle",
    "description": "Stay hydrated in style while you take down the living dead.",
    "detail": [
      {
        "info": "Anodized aluminum"
      },
      {
        "info": "Double-wall insulation. Cold drinks stay cold. Hot drinks stay hot."
      },
      {
        "info": "Cool Black Skeletal Logo on Black. White Cap."
      },
      {
        "info": "Holds 24 fluid ounces"
      }
    ]
  }
]
